theta0,theta1
0,0
6331.833333333328,-1106.0198809926273
